{
  "index.html": 1715163975725,
  "controller/Details.controller.js": 1715164148627,
  "model/models.js": 1715163975725,
  "controller/View1.controller.js": 1715164879172,
  "manifest.json": 1715251297100,
  "controller/BaseController.js": 1715164090792,
  "controller/App.controller.js": 1715163975729,
  "Component.js": 1715163975725,
  "Component-preload.js": 1715251297516,
  "controller/App-dbg.controller.js": 1715163975729,
  "controller/View1-dbg.controller.js": 1715164879172,
  "controller/Details-dbg.controller.js": 1715164148627,
  "controller/BaseController-dbg.js": 1715164090792,
  "model/models-dbg.js": 1715163975725,
  "Component-dbg.js": 1715163975725,
  "view/View1.view.xml": 1715164389985,
  "view/Details.view.xml": 1715164371121,
  "view/App.view.xml": 1715163975733,
  "css/style.css": 1715163975733,
  "Fragments/studdetails.fragment.xml": 1715164305542,
  "Fragments/dicdetails.fragment.xml": 1715164275122,
  "Fragments/bookinfo.fragment.xml": 1715164216986,
  "Fragments/CreateBooksDialog.fragment.xml": 1715164248366,
  "i18n/i18n.properties": 1715163975725
}